{"cameraMode":{"drawMode":0,"name":"Shaded","section":"Shading Mode"},"sceneLighting":false,"audioPlay":false,"sceneViewState":{"m_AlwaysRefresh":false,"showFog":true,"showSkybox":false,"showFlares":true,"showImageEffects":true,"showParticleSystems":true,"showVisualEffectGraphs":true,"m_FxEnabled":true},"in2DMode":false,"pivot":{"x":-0.000023434444301528856,"y":-0.000007236320016090758,"z":-0.000011938489478779957},"rotation":{"x":-0.008060319349169732,"y":0.42885276675224306,"z":-0.004007881507277489,"w":-0.9035232067108154},"size":0.001317320391535759,"orthographic":false}