{"cameraMode":{"drawMode":0,"name":"Shaded","section":"Shading Mode"},"sceneLighting":false,"audioPlay":false,"sceneViewState":{"m_AlwaysRefresh":false,"showFog":true,"showSkybox":false,"showFlares":true,"showImageEffects":true,"showParticleSystems":true,"showVisualEffectGraphs":true,"m_FxEnabled":true},"in2DMode":false,"pivot":{"x":0.015263080596923828,"y":0.6535652875900269,"z":-0.2040114402770996},"rotation":{"x":-0.11337509006261826,"y":0.448081374168396,"z":-0.057618122547864917,"w":-0.8850989937782288},"size":1.3993803262710572,"orthographic":false}