{"cameraMode":{"drawMode":0,"name":"Shaded","section":"Shading Mode"},"sceneLighting":true,"audioPlay":false,"sceneViewState":{"m_AlwaysRefresh":false,"showFog":true,"showSkybox":true,"showFlares":true,"showImageEffects":true,"showParticleSystems":true,"showVisualEffectGraphs":true,"m_FxEnabled":true},"in2DMode":false,"pivot":{"x":26.64397621154785,"y":-30.33222198486328,"z":102.47909545898438},"rotation":{"x":-0.13058887422084809,"y":-0.12693938612937928,"z":0.016607651486992837,"w":-0.9833285212516785},"size":65.65996551513672,"orthographic":false}