{"cameraMode":{"drawMode":0,"name":"Shaded","section":"Shading Mode"},"sceneLighting":false,"audioPlay":false,"sceneViewState":{"m_AlwaysRefresh":false,"showFog":true,"showSkybox":false,"showFlares":true,"showImageEffects":true,"showParticleSystems":true,"showVisualEffectGraphs":true,"m_FxEnabled":true},"in2DMode":false,"pivot":{"x":0.18892240524291993,"y":1.8916285037994385,"z":1.9341611862182618},"rotation":{"x":-0.01804610900580883,"y":-0.6621946692466736,"z":0.015823451802134515,"w":-0.7491816878318787},"size":3.135281562805176,"orthographic":false}