{"cameraMode":{"drawMode":0,"name":"Shaded","section":"Shading Mode"},"sceneLighting":false,"audioPlay":false,"sceneViewState":{"m_AlwaysRefresh":false,"showFog":true,"showSkybox":false,"showFlares":true,"showImageEffects":true,"showParticleSystems":true,"showVisualEffectGraphs":true,"m_FxEnabled":true},"in2DMode":false,"pivot":{"x":0.02016007900238037,"y":0.9128921031951904,"z":-0.022729992866516115},"rotation":{"x":-0.09910062700510025,"y":-0.48974698781967165,"z":0.055887021124362949,"w":-0.8646174073219299},"size":1.4014465808868409,"orthographic":false}