{"cameraMode":{"drawMode":0,"name":"Shaded","section":"Shading Mode"},"sceneLighting":false,"audioPlay":false,"sceneViewState":{"m_AlwaysRefresh":false,"showFog":true,"showSkybox":false,"showFlares":true,"showImageEffects":true,"showParticleSystems":true,"showVisualEffectGraphs":true,"m_FxEnabled":true},"in2DMode":false,"pivot":{"x":9.087019920349121,"y":-0.2525177001953125,"z":12.1764497756958},"rotation":{"x":0.13751092553138734,"y":-0.027941884472966195,"z":0.0038906484842300417,"w":0.9901298880577087},"size":5.095826625823975,"orthographic":false}