{"cameraMode":{"drawMode":0,"name":"Shaded","section":"Shading Mode"},"sceneLighting":false,"audioPlay":false,"sceneViewState":{"m_AlwaysRefresh":false,"showFog":true,"showSkybox":false,"showFlares":true,"showImageEffects":true,"showParticleSystems":true,"showVisualEffectGraphs":true,"m_FxEnabled":true},"in2DMode":false,"pivot":{"x":0.9142887592315674,"y":1.902808666229248,"z":7.257742881774902},"rotation":{"x":0.08725830167531967,"y":-0.29544728994369509,"z":0.027115363627672197,"w":0.9510103464126587},"size":1.2817890644073487,"orthographic":false}