{"cameraMode":{"drawMode":0,"name":"Shaded","section":"Shading Mode"},"sceneLighting":false,"audioPlay":false,"sceneViewState":{"m_AlwaysRefresh":false,"showFog":true,"showSkybox":false,"showFlares":true,"showImageEffects":true,"showParticleSystems":true,"showVisualEffectGraphs":true,"m_FxEnabled":true},"in2DMode":false,"pivot":{"x":1.9280424118041993,"y":-2.359419345855713,"z":1.4244556427001954},"rotation":{"x":-0.9639569520950317,"y":-0.004751268774271011,"z":0.26611068844795229,"w":-0.017672793939709665},"size":7.954545974731445,"orthographic":false}